-- phpMyAdmin SQL Dump
-- version 5.2.1
-- https://www.phpmyadmin.net/
--
-- Máy chủ: 127.0.0.1
-- Thời gian đã tạo: Th10 25, 2024 lúc 08:39 PM
-- Phiên bản máy phục vụ: 10.4.32-MariaDB
-- Phiên bản PHP: 8.2.12

SET SQL_MODE = "NO_AUTO_VALUE_ON_ZERO";
START TRANSACTION;
SET time_zone = "+00:00";


/*!40101 SET @OLD_CHARACTER_SET_CLIENT=@@CHARACTER_SET_CLIENT */;
/*!40101 SET @OLD_CHARACTER_SET_RESULTS=@@CHARACTER_SET_RESULTS */;
/*!40101 SET @OLD_COLLATION_CONNECTION=@@COLLATION_CONNECTION */;
/*!40101 SET NAMES utf8mb4 */;

--
-- Cơ sở dữ liệu: `attendance`
--

DELIMITER $$
--
-- Thủ tục
--
CREATE DEFINER=`root`@`localhost` PROCEDURE `add_student_to_course_with_sessions` (IN `studentId` INT, IN `courseId` INT)   BEGIN
    DECLARE startDate DATE;
    DECLARE endDate DATE;
    DECLARE currentDate DATE;
    DECLARE sessionNumber INT DEFAULT 1;
    
    -- Lấy start_date và end_date từ bảng course
    SELECT start_date, end_date INTO startDate, endDate
    FROM `course`
    WHERE `id` = courseId;

    -- Tạo bản ghi tự động trong bảng attendance
    WHILE startDate <= endDate DO
        INSERT INTO `attendance` (`student_id`, `course_id`, `date`, `status`, `session`)
        VALUES (studentId, courseId, startDate, 'absent', sessionNumber);
        
        SET sessionNumber = sessionNumber + 1;  -- Tăng sessionNumber
        SET startDate = DATE_ADD(startDate, INTERVAL 1 WEEK);  -- Tăng một tuần
    END WHILE;
END$$

CREATE DEFINER=`root`@`localhost` PROCEDURE `remove_student_from_course` (IN `studentId` INT, IN `courseId` INT)   BEGIN
    -- Xóa các bản ghi attendance của học sinh khỏi khóa học
    DELETE FROM `attendance`
    WHERE `student_id` = studentId AND `course_id` = courseId;
END$$

DELIMITER ;

-- --------------------------------------------------------

--
-- Cấu trúc bảng cho bảng `attendance`
--

CREATE TABLE `attendance` (
  `id` int(11) NOT NULL,
  `student_id` int(11) NOT NULL,
  `course_id` int(11) NOT NULL,
  `date` date NOT NULL,
  `status` enum('present','absent','late') NOT NULL DEFAULT 'absent',
  `session` int(11) NOT NULL
) ENGINE=InnoDB DEFAULT CHARSET=utf8mb4 COLLATE=utf8mb4_general_ci;

--
-- Đang đổ dữ liệu cho bảng `attendance`
--

INSERT INTO `attendance` (`id`, `student_id`, `course_id`, `date`, `status`, `session`) VALUES
(1086, 1, 1, '2024-01-01', 'present', 1),
(1087, 1, 1, '2024-01-08', 'absent', 2),
(1088, 1, 1, '2024-01-15', 'late', 3),
(1089, 1, 1, '2024-01-22', 'late', 4),
(1090, 1, 1, '2024-01-29', 'late', 5),
(1091, 1, 1, '2024-02-05', 'late', 6),
(1092, 1, 1, '2024-02-12', 'late', 7),
(1093, 1, 1, '2024-02-19', 'late', 8),
(1094, 1, 1, '2024-02-26', 'late', 9),
(1095, 2, 1, '2024-01-01', 'present', 1),
(1096, 2, 1, '2024-01-08', 'absent', 2),
(1097, 2, 1, '2024-01-15', 'present', 3),
(1098, 2, 1, '2024-01-22', 'present', 4),
(1099, 2, 1, '2024-01-29', 'present', 5),
(1100, 2, 1, '2024-02-05', 'present', 6),
(1101, 2, 1, '2024-02-12', 'present', 7),
(1102, 2, 1, '2024-02-19', 'present', 8),
(1103, 2, 1, '2024-02-26', 'present', 9),
(1104, 3, 1, '2024-01-01', 'present', 1),
(1105, 3, 1, '2024-01-08', 'absent', 2),
(1106, 3, 1, '2024-01-15', 'late', 3),
(1107, 3, 1, '2024-01-22', 'late', 4),
(1108, 3, 1, '2024-01-29', 'late', 5),
(1109, 3, 1, '2024-02-05', 'late', 6),
(1110, 3, 1, '2024-02-12', 'late', 7),
(1111, 3, 1, '2024-02-19', 'late', 8),
(1112, 3, 1, '2024-02-26', 'late', 9),
(1125, 2, 2, '2024-02-07', 'absent', 1),
(1126, 2, 2, '2024-02-14', 'absent', 2),
(1127, 2, 2, '2024-02-21', 'absent', 3),
(1128, 2, 2, '2024-02-28', 'absent', 4),
(1129, 2, 2, '2024-03-06', 'absent', 5),
(1130, 2, 2, '2024-03-13', 'absent', 6),
(1131, 2, 2, '2024-03-20', 'absent', 7),
(1132, 2, 2, '2024-03-27', 'absent', 8),
(1133, 2, 2, '2024-04-03', 'absent', 9),
(1134, 2, 2, '2024-04-10', 'absent', 10),
(1135, 2, 2, '2024-04-17', 'absent', 11),
(1136, 2, 2, '2024-04-24', 'absent', 12),
(1137, 3, 2, '2024-02-07', 'absent', 1),
(1138, 3, 2, '2024-02-14', 'present', 2),
(1139, 3, 2, '2024-02-21', 'present', 3),
(1140, 3, 2, '2024-02-28', 'absent', 4),
(1141, 3, 2, '2024-03-06', 'present', 5),
(1142, 3, 2, '2024-03-13', 'present', 6),
(1143, 3, 2, '2024-03-20', 'absent', 7),
(1144, 3, 2, '2024-03-27', 'present', 8),
(1145, 3, 2, '2024-04-03', 'late', 9),
(1146, 3, 2, '2024-04-10', 'present', 10),
(1147, 3, 2, '2024-04-17', 'absent', 11),
(1148, 3, 2, '2024-04-24', 'present', 12),
(1149, 1, 3, '2024-03-15', 'absent', 1),
(1150, 1, 3, '2024-03-22', 'present', 2),
(1151, 1, 3, '2024-03-29', 'present', 3),
(1152, 1, 3, '2024-04-05', 'present', 4),
(1153, 1, 3, '2024-04-12', 'present', 5),
(1154, 1, 3, '2024-04-19', 'present', 6),
(1155, 1, 3, '2024-04-26', 'present', 7),
(1156, 1, 3, '2024-05-03', 'present', 8),
(1157, 1, 3, '2024-05-10', 'present', 9),
(1158, 1, 3, '2024-05-17', 'present', 10),
(1159, 1, 3, '2024-05-24', 'present', 11),
(1160, 1, 3, '2024-05-31', 'present', 12),
(1161, 1, 3, '2024-06-07', 'present', 13),
(1162, 2, 3, '2024-03-15', 'absent', 1),
(1163, 2, 3, '2024-03-22', 'present', 2),
(1164, 2, 3, '2024-03-29', 'present', 3),
(1165, 2, 3, '2024-04-05', 'present', 4),
(1166, 2, 3, '2024-04-12', 'present', 5),
(1167, 2, 3, '2024-04-19', 'present', 6),
(1168, 2, 3, '2024-04-26', 'present', 7),
(1169, 2, 3, '2024-05-03', 'present', 8),
(1170, 2, 3, '2024-05-10', 'present', 9),
(1171, 2, 3, '2024-05-17', 'present', 10),
(1172, 2, 3, '2024-05-24', 'present', 11),
(1173, 2, 3, '2024-05-31', 'present', 12),
(1174, 2, 3, '2024-06-07', 'present', 13),
(1188, 1, 4, '2024-04-02', 'absent', 1),
(1189, 1, 4, '2024-04-09', 'late', 2),
(1190, 1, 4, '2024-04-16', 'late', 3),
(1191, 1, 4, '2024-04-23', 'late', 4),
(1192, 1, 4, '2024-04-30', 'late', 5),
(1193, 1, 4, '2024-05-07', 'late', 6),
(1194, 1, 4, '2024-05-14', 'late', 7),
(1195, 1, 4, '2024-05-21', 'late', 8),
(1196, 1, 4, '2024-05-28', 'late', 9),
(1197, 1, 4, '2024-06-04', 'late', 10),
(1198, 1, 4, '2024-06-11', 'late', 11),
(1199, 1, 4, '2024-06-18', 'late', 12),
(1200, 1, 4, '2024-06-25', 'late', 13),
(1201, 2, 4, '2024-04-02', 'absent', 1),
(1202, 2, 4, '2024-04-09', 'late', 2),
(1203, 2, 4, '2024-04-16', 'late', 3),
(1204, 2, 4, '2024-04-23', 'late', 4),
(1205, 2, 4, '2024-04-30', 'late', 5),
(1206, 2, 4, '2024-05-07', 'late', 6),
(1207, 2, 4, '2024-05-14', 'late', 7),
(1208, 2, 4, '2024-05-21', 'late', 8),
(1209, 2, 4, '2024-05-28', 'late', 9),
(1210, 2, 4, '2024-06-04', 'late', 10),
(1211, 2, 4, '2024-06-11', 'late', 11),
(1212, 2, 4, '2024-06-18', 'late', 12),
(1213, 2, 4, '2024-06-25', 'late', 13),
(1214, 3, 4, '2024-04-02', 'absent', 1),
(1215, 3, 4, '2024-04-09', 'present', 2),
(1216, 3, 4, '2024-04-16', 'present', 3),
(1217, 3, 4, '2024-04-23', 'late', 4),
(1218, 3, 4, '2024-04-30', 'present', 5),
(1219, 3, 4, '2024-05-07', 'present', 6),
(1220, 3, 4, '2024-05-14', 'absent', 7),
(1221, 3, 4, '2024-05-21', 'late', 8),
(1222, 3, 4, '2024-05-28', 'present', 9),
(1223, 3, 4, '2024-06-04', 'absent', 10),
(1224, 3, 4, '2024-06-11', 'present', 11),
(1225, 3, 4, '2024-06-18', 'present', 12),
(1226, 3, 4, '2024-06-25', 'late', 13),
(1240, 2, 5, '2024-05-02', 'absent', 1),
(1241, 2, 5, '2024-05-09', 'absent', 2),
(1242, 2, 5, '2024-05-16', 'absent', 3),
(1243, 2, 5, '2024-05-23', 'absent', 4),
(1244, 2, 5, '2024-05-30', 'absent', 5),
(1245, 2, 5, '2024-06-06', 'absent', 6),
(1246, 2, 5, '2024-06-13', 'absent', 7),
(1247, 2, 5, '2024-06-20', 'absent', 8),
(1248, 2, 5, '2024-06-27', 'absent', 9),
(1249, 2, 5, '2024-07-04', 'absent', 10),
(1250, 2, 5, '2024-07-11', 'absent', 11),
(1251, 2, 5, '2024-07-18', 'absent', 12),
(1252, 2, 5, '2024-07-25', 'absent', 13),
(1253, 3, 5, '2024-05-02', 'absent', 1),
(1254, 3, 5, '2024-05-09', 'present', 2),
(1255, 3, 5, '2024-05-16', 'absent', 3),
(1256, 3, 5, '2024-05-23', 'present', 4),
(1257, 3, 5, '2024-05-30', 'present', 5),
(1258, 3, 5, '2024-06-06', 'late', 6),
(1259, 3, 5, '2024-06-13', 'absent', 7),
(1260, 3, 5, '2024-06-20', 'present', 8),
(1261, 3, 5, '2024-06-27', 'present', 9),
(1262, 3, 5, '2024-07-04', 'absent', 10),
(1263, 3, 5, '2024-07-11', 'late', 11),
(1264, 3, 5, '2024-07-18', 'present', 12),
(1265, 3, 5, '2024-07-25', 'absent', 13),
(1324, 4, 1, '2024-01-01', 'present', 1),
(1325, 4, 1, '2024-01-08', 'absent', 2),
(1326, 4, 1, '2024-01-15', 'absent', 3),
(1327, 4, 1, '2024-01-22', 'absent', 4),
(1328, 4, 1, '2024-01-29', 'absent', 5),
(1329, 4, 1, '2024-02-05', 'absent', 6),
(1330, 4, 1, '2024-02-12', 'absent', 7),
(1331, 4, 1, '2024-02-19', 'absent', 8),
(1332, 4, 1, '2024-02-26', 'absent', 9),
(1342, 5, 1, '2024-01-01', 'present', 1),
(1343, 5, 1, '2024-01-08', 'absent', 2),
(1344, 5, 1, '2024-01-15', 'absent', 3),
(1345, 5, 1, '2024-01-22', 'absent', 4),
(1346, 5, 1, '2024-01-29', 'absent', 5),
(1347, 5, 1, '2024-02-05', 'absent', 6),
(1348, 5, 1, '2024-02-12', 'absent', 7),
(1349, 5, 1, '2024-02-19', 'absent', 8),
(1350, 5, 1, '2024-02-26', 'absent', 9),
(1351, 6, 1, '2024-01-01', 'present', 1),
(1352, 6, 1, '2024-01-08', 'absent', 2),
(1353, 6, 1, '2024-01-15', 'absent', 3),
(1354, 6, 1, '2024-01-22', 'absent', 4),
(1355, 6, 1, '2024-01-29', 'absent', 5),
(1356, 6, 1, '2024-02-05', 'absent', 6),
(1357, 6, 1, '2024-02-12', 'absent', 7),
(1358, 6, 1, '2024-02-19', 'absent', 8),
(1359, 6, 1, '2024-02-26', 'absent', 9),
(1360, 7, 1, '2024-01-01', 'present', 1),
(1361, 7, 1, '2024-01-08', 'absent', 2),
(1362, 7, 1, '2024-01-15', 'absent', 3),
(1363, 7, 1, '2024-01-22', 'absent', 4),
(1364, 7, 1, '2024-01-29', 'absent', 5),
(1365, 7, 1, '2024-02-05', 'absent', 6),
(1366, 7, 1, '2024-02-12', 'absent', 7),
(1367, 7, 1, '2024-02-19', 'absent', 8),
(1368, 7, 1, '2024-02-26', 'absent', 9),
(1369, 8, 1, '2024-01-01', 'present', 1),
(1370, 8, 1, '2024-01-08', 'absent', 2),
(1371, 8, 1, '2024-01-15', 'absent', 3),
(1372, 8, 1, '2024-01-22', 'absent', 4),
(1373, 8, 1, '2024-01-29', 'absent', 5),
(1374, 8, 1, '2024-02-05', 'absent', 6),
(1375, 8, 1, '2024-02-12', 'absent', 7),
(1376, 8, 1, '2024-02-19', 'absent', 8),
(1377, 8, 1, '2024-02-26', 'absent', 9),
(1378, 9, 1, '2024-01-01', 'present', 1),
(1379, 9, 1, '2024-01-08', 'absent', 2),
(1380, 9, 1, '2024-01-15', 'absent', 3),
(1381, 9, 1, '2024-01-22', 'absent', 4),
(1382, 9, 1, '2024-01-29', 'absent', 5),
(1383, 9, 1, '2024-02-05', 'absent', 6),
(1384, 9, 1, '2024-02-12', 'absent', 7),
(1385, 9, 1, '2024-02-19', 'absent', 8),
(1386, 9, 1, '2024-02-26', 'absent', 9),
(1387, 10, 1, '2024-01-01', 'present', 1),
(1388, 10, 1, '2024-01-08', 'absent', 2),
(1389, 10, 1, '2024-01-15', 'absent', 3),
(1390, 10, 1, '2024-01-22', 'absent', 4),
(1391, 10, 1, '2024-01-29', 'absent', 5),
(1392, 10, 1, '2024-02-05', 'absent', 6),
(1393, 10, 1, '2024-02-12', 'absent', 7),
(1394, 10, 1, '2024-02-19', 'absent', 8),
(1395, 10, 1, '2024-02-26', 'absent', 9),
(1396, 11, 2, '2024-02-01', 'absent', 1),
(1397, 11, 2, '2024-02-08', 'absent', 2),
(1398, 11, 2, '2024-02-15', 'absent', 3),
(1399, 11, 2, '2024-02-22', 'absent', 4),
(1400, 11, 2, '2024-02-29', 'absent', 5),
(1401, 11, 2, '2024-03-07', 'absent', 6),
(1402, 11, 2, '2024-03-14', 'absent', 7),
(1403, 11, 2, '2024-03-21', 'absent', 8),
(1404, 11, 2, '2024-03-28', 'absent', 9),
(1405, 11, 2, '2024-04-04', 'absent', 10),
(1406, 11, 2, '2024-04-11', 'absent', 11),
(1407, 11, 2, '2024-04-18', 'absent', 12),
(1408, 11, 2, '2024-04-25', 'absent', 13),
(1409, 12, 2, '2024-02-01', 'absent', 1),
(1410, 12, 2, '2024-02-08', 'absent', 2),
(1411, 12, 2, '2024-02-15', 'absent', 3),
(1412, 12, 2, '2024-02-22', 'absent', 4),
(1413, 12, 2, '2024-02-29', 'absent', 5),
(1414, 12, 2, '2024-03-07', 'absent', 6),
(1415, 12, 2, '2024-03-14', 'absent', 7),
(1416, 12, 2, '2024-03-21', 'absent', 8),
(1417, 12, 2, '2024-03-28', 'absent', 9),
(1418, 12, 2, '2024-04-04', 'absent', 10),
(1419, 12, 2, '2024-04-11', 'absent', 11),
(1420, 12, 2, '2024-04-18', 'absent', 12),
(1421, 12, 2, '2024-04-25', 'absent', 13),
(1422, 13, 2, '2024-02-01', 'absent', 1),
(1423, 13, 2, '2024-02-08', 'absent', 2),
(1424, 13, 2, '2024-02-15', 'absent', 3),
(1425, 13, 2, '2024-02-22', 'absent', 4),
(1426, 13, 2, '2024-02-29', 'absent', 5),
(1427, 13, 2, '2024-03-07', 'absent', 6),
(1428, 13, 2, '2024-03-14', 'absent', 7),
(1429, 13, 2, '2024-03-21', 'absent', 8),
(1430, 13, 2, '2024-03-28', 'absent', 9),
(1431, 13, 2, '2024-04-04', 'absent', 10),
(1432, 13, 2, '2024-04-11', 'absent', 11),
(1433, 13, 2, '2024-04-18', 'absent', 12),
(1434, 13, 2, '2024-04-25', 'absent', 13),
(1435, 14, 2, '2024-02-01', 'absent', 1),
(1436, 14, 2, '2024-02-08', 'absent', 2),
(1437, 14, 2, '2024-02-15', 'absent', 3),
(1438, 14, 2, '2024-02-22', 'absent', 4),
(1439, 14, 2, '2024-02-29', 'absent', 5),
(1440, 14, 2, '2024-03-07', 'absent', 6),
(1441, 14, 2, '2024-03-14', 'absent', 7),
(1442, 14, 2, '2024-03-21', 'absent', 8),
(1443, 14, 2, '2024-03-28', 'absent', 9),
(1444, 14, 2, '2024-04-04', 'absent', 10),
(1445, 14, 2, '2024-04-11', 'absent', 11),
(1446, 14, 2, '2024-04-18', 'absent', 12),
(1447, 14, 2, '2024-04-25', 'absent', 13),
(1448, 15, 2, '2024-02-01', 'absent', 1),
(1449, 15, 2, '2024-02-08', 'absent', 2),
(1450, 15, 2, '2024-02-15', 'absent', 3),
(1451, 15, 2, '2024-02-22', 'absent', 4),
(1452, 15, 2, '2024-02-29', 'absent', 5),
(1453, 15, 2, '2024-03-07', 'absent', 6),
(1454, 15, 2, '2024-03-14', 'absent', 7),
(1455, 15, 2, '2024-03-21', 'absent', 8),
(1456, 15, 2, '2024-03-28', 'absent', 9),
(1457, 15, 2, '2024-04-04', 'absent', 10),
(1458, 15, 2, '2024-04-11', 'absent', 11),
(1459, 15, 2, '2024-04-18', 'absent', 12),
(1460, 15, 2, '2024-04-25', 'absent', 13),
(1461, 16, 3, '2024-03-15', 'absent', 1),
(1462, 16, 3, '2024-03-22', 'absent', 2),
(1463, 16, 3, '2024-03-29', 'absent', 3),
(1464, 16, 3, '2024-04-05', 'absent', 4),
(1465, 16, 3, '2024-04-12', 'absent', 5),
(1466, 16, 3, '2024-04-19', 'absent', 6),
(1467, 16, 3, '2024-04-26', 'absent', 7),
(1468, 16, 3, '2024-05-03', 'absent', 8),
(1469, 16, 3, '2024-05-10', 'absent', 9),
(1470, 16, 3, '2024-05-17', 'absent', 10),
(1471, 16, 3, '2024-05-24', 'absent', 11),
(1472, 16, 3, '2024-05-31', 'absent', 12),
(1473, 16, 3, '2024-06-07', 'absent', 13),
(1474, 16, 3, '2024-06-14', 'absent', 14),
(1475, 17, 3, '2024-03-15', 'absent', 1),
(1476, 17, 3, '2024-03-22', 'absent', 2),
(1477, 17, 3, '2024-03-29', 'absent', 3),
(1478, 17, 3, '2024-04-05', 'absent', 4),
(1479, 17, 3, '2024-04-12', 'absent', 5),
(1480, 17, 3, '2024-04-19', 'absent', 6),
(1481, 17, 3, '2024-04-26', 'absent', 7),
(1482, 17, 3, '2024-05-03', 'absent', 8),
(1483, 17, 3, '2024-05-10', 'absent', 9),
(1484, 17, 3, '2024-05-17', 'absent', 10),
(1485, 17, 3, '2024-05-24', 'absent', 11),
(1486, 17, 3, '2024-05-31', 'absent', 12),
(1487, 17, 3, '2024-06-07', 'absent', 13),
(1488, 17, 3, '2024-06-14', 'absent', 14),
(1489, 18, 3, '2024-03-15', 'absent', 1),
(1490, 18, 3, '2024-03-22', 'absent', 2),
(1491, 18, 3, '2024-03-29', 'absent', 3),
(1492, 18, 3, '2024-04-05', 'absent', 4),
(1493, 18, 3, '2024-04-12', 'absent', 5),
(1494, 18, 3, '2024-04-19', 'absent', 6),
(1495, 18, 3, '2024-04-26', 'absent', 7),
(1496, 18, 3, '2024-05-03', 'absent', 8),
(1497, 18, 3, '2024-05-10', 'absent', 9),
(1498, 18, 3, '2024-05-17', 'absent', 10),
(1499, 18, 3, '2024-05-24', 'absent', 11),
(1500, 18, 3, '2024-05-31', 'absent', 12),
(1501, 18, 3, '2024-06-07', 'absent', 13),
(1502, 18, 3, '2024-06-14', 'absent', 14),
(1503, 19, 3, '2024-03-15', 'absent', 1),
(1504, 19, 3, '2024-03-22', 'absent', 2),
(1505, 19, 3, '2024-03-29', 'absent', 3),
(1506, 19, 3, '2024-04-05', 'absent', 4),
(1507, 19, 3, '2024-04-12', 'absent', 5),
(1508, 19, 3, '2024-04-19', 'absent', 6),
(1509, 19, 3, '2024-04-26', 'absent', 7),
(1510, 19, 3, '2024-05-03', 'absent', 8),
(1511, 19, 3, '2024-05-10', 'absent', 9),
(1512, 19, 3, '2024-05-17', 'absent', 10),
(1513, 19, 3, '2024-05-24', 'absent', 11),
(1514, 19, 3, '2024-05-31', 'absent', 12),
(1515, 19, 3, '2024-06-07', 'absent', 13),
(1516, 19, 3, '2024-06-14', 'absent', 14),
(1517, 20, 4, '2024-04-01', 'absent', 1),
(1518, 20, 4, '2024-04-08', 'absent', 2),
(1519, 20, 4, '2024-04-15', 'absent', 3),
(1520, 20, 4, '2024-04-22', 'absent', 4),
(1521, 20, 4, '2024-04-29', 'absent', 5),
(1522, 20, 4, '2024-05-06', 'absent', 6),
(1523, 20, 4, '2024-05-13', 'absent', 7),
(1524, 20, 4, '2024-05-20', 'absent', 8),
(1525, 20, 4, '2024-05-27', 'absent', 9),
(1526, 20, 4, '2024-06-03', 'absent', 10),
(1527, 20, 4, '2024-06-10', 'absent', 11),
(1528, 20, 4, '2024-06-17', 'absent', 12),
(1529, 20, 4, '2024-06-24', 'absent', 13),
(1530, 20, 4, '2024-07-01', 'absent', 14),
(1531, 21, 4, '2024-04-01', 'absent', 1),
(1532, 21, 4, '2024-04-08', 'absent', 2),
(1533, 21, 4, '2024-04-15', 'absent', 3),
(1534, 21, 4, '2024-04-22', 'absent', 4),
(1535, 21, 4, '2024-04-29', 'absent', 5),
(1536, 21, 4, '2024-05-06', 'absent', 6),
(1537, 21, 4, '2024-05-13', 'absent', 7),
(1538, 21, 4, '2024-05-20', 'absent', 8),
(1539, 21, 4, '2024-05-27', 'absent', 9),
(1540, 21, 4, '2024-06-03', 'absent', 10),
(1541, 21, 4, '2024-06-10', 'absent', 11),
(1542, 21, 4, '2024-06-17', 'absent', 12),
(1543, 21, 4, '2024-06-24', 'absent', 13),
(1544, 21, 4, '2024-07-01', 'absent', 14),
(1545, 22, 4, '2024-04-01', 'absent', 1),
(1546, 22, 4, '2024-04-08', 'absent', 2),
(1547, 22, 4, '2024-04-15', 'absent', 3),
(1548, 22, 4, '2024-04-22', 'absent', 4),
(1549, 22, 4, '2024-04-29', 'absent', 5),
(1550, 22, 4, '2024-05-06', 'absent', 6),
(1551, 22, 4, '2024-05-13', 'absent', 7),
(1552, 22, 4, '2024-05-20', 'absent', 8),
(1553, 22, 4, '2024-05-27', 'absent', 9),
(1554, 22, 4, '2024-06-03', 'absent', 10),
(1555, 22, 4, '2024-06-10', 'absent', 11),
(1556, 22, 4, '2024-06-17', 'absent', 12),
(1557, 22, 4, '2024-06-24', 'absent', 13),
(1558, 22, 4, '2024-07-01', 'absent', 14),
(1559, 23, 4, '2024-04-01', 'absent', 1),
(1560, 23, 4, '2024-04-08', 'absent', 2),
(1561, 23, 4, '2024-04-15', 'absent', 3),
(1562, 23, 4, '2024-04-22', 'absent', 4),
(1563, 23, 4, '2024-04-29', 'absent', 5),
(1564, 23, 4, '2024-05-06', 'absent', 6),
(1565, 23, 4, '2024-05-13', 'absent', 7),
(1566, 23, 4, '2024-05-20', 'absent', 8),
(1567, 23, 4, '2024-05-27', 'absent', 9),
(1568, 23, 4, '2024-06-03', 'absent', 10),
(1569, 23, 4, '2024-06-10', 'absent', 11),
(1570, 23, 4, '2024-06-17', 'absent', 12),
(1571, 23, 4, '2024-06-24', 'absent', 13),
(1572, 23, 4, '2024-07-01', 'absent', 14),
(1573, 24, 4, '2024-04-01', 'absent', 1),
(1574, 24, 4, '2024-04-08', 'absent', 2),
(1575, 24, 4, '2024-04-15', 'absent', 3),
(1576, 24, 4, '2024-04-22', 'absent', 4),
(1577, 24, 4, '2024-04-29', 'absent', 5),
(1578, 24, 4, '2024-05-06', 'absent', 6),
(1579, 24, 4, '2024-05-13', 'absent', 7),
(1580, 24, 4, '2024-05-20', 'absent', 8),
(1581, 24, 4, '2024-05-27', 'absent', 9),
(1582, 24, 4, '2024-06-03', 'absent', 10),
(1583, 24, 4, '2024-06-10', 'absent', 11),
(1584, 24, 4, '2024-06-17', 'absent', 12),
(1585, 24, 4, '2024-06-24', 'absent', 13),
(1586, 24, 4, '2024-07-01', 'absent', 14),
(1587, 25, 4, '2024-04-01', 'absent', 1),
(1588, 25, 4, '2024-04-08', 'absent', 2),
(1589, 25, 4, '2024-04-15', 'absent', 3),
(1590, 25, 4, '2024-04-22', 'absent', 4),
(1591, 25, 4, '2024-04-29', 'absent', 5),
(1592, 25, 4, '2024-05-06', 'absent', 6),
(1593, 25, 4, '2024-05-13', 'absent', 7),
(1594, 25, 4, '2024-05-20', 'absent', 8),
(1595, 25, 4, '2024-05-27', 'absent', 9),
(1596, 25, 4, '2024-06-03', 'absent', 10),
(1597, 25, 4, '2024-06-10', 'absent', 11),
(1598, 25, 4, '2024-06-17', 'absent', 12),
(1599, 25, 4, '2024-06-24', 'absent', 13),
(1600, 25, 4, '2024-07-01', 'absent', 14),
(1601, 26, 5, '2024-05-01', 'absent', 1),
(1602, 26, 5, '2024-05-08', 'absent', 2),
(1603, 26, 5, '2024-05-15', 'absent', 3),
(1604, 26, 5, '2024-05-22', 'absent', 4),
(1605, 26, 5, '2024-05-29', 'absent', 5),
(1606, 26, 5, '2024-06-05', 'absent', 6),
(1607, 26, 5, '2024-06-12', 'absent', 7),
(1608, 26, 5, '2024-06-19', 'absent', 8),
(1609, 26, 5, '2024-06-26', 'absent', 9),
(1610, 26, 5, '2024-07-03', 'absent', 10),
(1611, 26, 5, '2024-07-10', 'absent', 11),
(1612, 26, 5, '2024-07-17', 'absent', 12),
(1613, 26, 5, '2024-07-24', 'absent', 13),
(1614, 26, 5, '2024-07-31', 'absent', 14),
(1615, 27, 5, '2024-05-01', 'absent', 1),
(1616, 27, 5, '2024-05-08', 'absent', 2),
(1617, 27, 5, '2024-05-15', 'absent', 3),
(1618, 27, 5, '2024-05-22', 'absent', 4),
(1619, 27, 5, '2024-05-29', 'absent', 5),
(1620, 27, 5, '2024-06-05', 'absent', 6),
(1621, 27, 5, '2024-06-12', 'absent', 7),
(1622, 27, 5, '2024-06-19', 'absent', 8),
(1623, 27, 5, '2024-06-26', 'absent', 9),
(1624, 27, 5, '2024-07-03', 'absent', 10),
(1625, 27, 5, '2024-07-10', 'absent', 11),
(1626, 27, 5, '2024-07-17', 'absent', 12),
(1627, 27, 5, '2024-07-24', 'absent', 13),
(1628, 27, 5, '2024-07-31', 'absent', 14),
(1629, 28, 5, '2024-05-01', 'absent', 1),
(1630, 28, 5, '2024-05-08', 'absent', 2),
(1631, 28, 5, '2024-05-15', 'absent', 3),
(1632, 28, 5, '2024-05-22', 'absent', 4),
(1633, 28, 5, '2024-05-29', 'absent', 5),
(1634, 28, 5, '2024-06-05', 'absent', 6),
(1635, 28, 5, '2024-06-12', 'absent', 7),
(1636, 28, 5, '2024-06-19', 'absent', 8),
(1637, 28, 5, '2024-06-26', 'absent', 9),
(1638, 28, 5, '2024-07-03', 'absent', 10),
(1639, 28, 5, '2024-07-10', 'absent', 11),
(1640, 28, 5, '2024-07-17', 'absent', 12),
(1641, 28, 5, '2024-07-24', 'absent', 13),
(1642, 28, 5, '2024-07-31', 'absent', 14),
(1643, 29, 5, '2024-05-01', 'absent', 1),
(1644, 29, 5, '2024-05-08', 'absent', 2),
(1645, 29, 5, '2024-05-15', 'absent', 3),
(1646, 29, 5, '2024-05-22', 'absent', 4),
(1647, 29, 5, '2024-05-29', 'absent', 5),
(1648, 29, 5, '2024-06-05', 'absent', 6),
(1649, 29, 5, '2024-06-12', 'absent', 7),
(1650, 29, 5, '2024-06-19', 'absent', 8),
(1651, 29, 5, '2024-06-26', 'absent', 9),
(1652, 29, 5, '2024-07-03', 'absent', 10),
(1653, 29, 5, '2024-07-10', 'absent', 11),
(1654, 29, 5, '2024-07-17', 'absent', 12),
(1655, 29, 5, '2024-07-24', 'absent', 13),
(1656, 29, 5, '2024-07-31', 'absent', 14),
(1657, 30, 5, '2024-05-01', 'absent', 1),
(1658, 30, 5, '2024-05-08', 'absent', 2),
(1659, 30, 5, '2024-05-15', 'absent', 3),
(1660, 30, 5, '2024-05-22', 'absent', 4),
(1661, 30, 5, '2024-05-29', 'absent', 5),
(1662, 30, 5, '2024-06-05', 'absent', 6),
(1663, 30, 5, '2024-06-12', 'absent', 7),
(1664, 30, 5, '2024-06-19', 'absent', 8),
(1665, 30, 5, '2024-06-26', 'absent', 9),
(1666, 30, 5, '2024-07-03', 'absent', 10),
(1667, 30, 5, '2024-07-10', 'absent', 11),
(1668, 30, 5, '2024-07-17', 'absent', 12),
(1669, 30, 5, '2024-07-24', 'absent', 13),
(1670, 30, 5, '2024-07-31', 'absent', 14),
(1671, 31, 3, '2024-03-15', 'absent', 1),
(1672, 31, 3, '2024-03-22', 'absent', 2),
(1673, 31, 3, '2024-03-29', 'absent', 3),
(1674, 31, 3, '2024-04-05', 'absent', 4),
(1675, 31, 3, '2024-04-12', 'absent', 5),
(1676, 31, 3, '2024-04-19', 'absent', 6),
(1677, 31, 3, '2024-04-26', 'absent', 7),
(1678, 31, 3, '2024-05-03', 'absent', 8),
(1679, 31, 3, '2024-05-10', 'absent', 9),
(1680, 31, 3, '2024-05-17', 'absent', 10),
(1681, 31, 3, '2024-05-24', 'absent', 11),
(1682, 31, 3, '2024-05-31', 'absent', 12),
(1683, 31, 3, '2024-06-07', 'absent', 13),
(1684, 31, 3, '2024-06-14', 'absent', 14),
(1685, 32, 3, '2024-03-15', 'absent', 1),
(1686, 32, 3, '2024-03-22', 'absent', 2),
(1687, 32, 3, '2024-03-29', 'absent', 3),
(1688, 32, 3, '2024-04-05', 'absent', 4),
(1689, 32, 3, '2024-04-12', 'absent', 5),
(1690, 32, 3, '2024-04-19', 'absent', 6),
(1691, 32, 3, '2024-04-26', 'absent', 7),
(1692, 32, 3, '2024-05-03', 'absent', 8),
(1693, 32, 3, '2024-05-10', 'absent', 9),
(1694, 32, 3, '2024-05-17', 'absent', 10),
(1695, 32, 3, '2024-05-24', 'absent', 11),
(1696, 32, 3, '2024-05-31', 'absent', 12),
(1697, 32, 3, '2024-06-07', 'absent', 13),
(1698, 32, 3, '2024-06-14', 'absent', 14),
(1700, 33, 1, '2024-01-01', 'present', 1),
(1701, 33, 1, '2024-01-08', 'absent', 2),
(1702, 33, 1, '2024-01-15', 'absent', 3),
(1703, 33, 1, '2024-01-22', 'absent', 4),
(1704, 33, 1, '2024-01-29', 'absent', 5),
(1705, 33, 1, '2024-02-05', 'absent', 6),
(1706, 33, 1, '2024-02-12', 'absent', 7),
(1707, 33, 1, '2024-02-19', 'absent', 8),
(1708, 33, 1, '2024-02-26', 'absent', 9);

-- --------------------------------------------------------

--
-- Cấu trúc bảng cho bảng `course`
--

CREATE TABLE `course` (
  `id` int(11) NOT NULL,
  `name` varchar(255) NOT NULL,
  `start_date` date NOT NULL,
  `end_date` date NOT NULL,
  `day` varchar(15) NOT NULL,
  `academic_year` varchar(10) NOT NULL,
  `semester` tinyint(4) NOT NULL
) ENGINE=InnoDB DEFAULT CHARSET=utf8mb4 COLLATE=utf8mb4_general_ci;

--
-- Đang đổ dữ liệu cho bảng `course`
--

INSERT INTO `course` (`id`, `name`, `start_date`, `end_date`, `day`, `academic_year`, `semester`) VALUES
(1, 'Lập trình Python cơ bản', '2024-01-01', '2024-02-27', 'Monday', '2023-2024', 1),
(2, 'Phát triển Web nâng cao', '2024-02-01', '2024-04-30', 'Wednesday', '2023-2024', 1),
(3, 'Học máy (Machine Learning)', '2024-03-15', '2024-06-15', 'Friday', '2023-2024', 2),
(4, 'Khoa học dữ liệu (Data Science)', '2024-04-01', '2024-07-01', 'Tuesday', '2023-2024', 2),
(5, 'An ninh mạng (Cyber Security)', '2024-05-01', '2024-08-01', 'Thursday', '2024-2025', 1);

-- --------------------------------------------------------

--
-- Cấu trúc bảng cho bảng `course_students`
--

CREATE TABLE `course_students` (
  `id` int(11) NOT NULL,
  `student_id` int(11) NOT NULL,
  `course_id` int(11) NOT NULL
) ENGINE=InnoDB DEFAULT CHARSET=utf8mb4 COLLATE=utf8mb4_general_ci;

--
-- Đang đổ dữ liệu cho bảng `course_students`
--

INSERT INTO `course_students` (`id`, `student_id`, `course_id`) VALUES
(3, 2, 1),
(7, 4, 1),
(11, 6, 1),
(17, 9, 1),
(23, 12, 1),
(27, 14, 1),
(35, 18, 1),
(40, 21, 1),
(47, 25, 1),
(52, 28, 1),
(57, 31, 1),
(62, 34, 1),
(67, 37, 1),
(72, 40, 1),
(77, 43, 1),
(82, 46, 1),
(87, 49, 1),
(92, 52, 1),
(97, 55, 1),
(102, 58, 1),
(107, 61, 1),
(112, 64, 1),
(117, 67, 1),
(122, 70, 1),
(2, 1, 2),
(125, 2, 2),
(5, 3, 2),
(127, 4, 2),
(128, 5, 2),
(12, 6, 2),
(130, 7, 2),
(15, 8, 2),
(132, 9, 2),
(133, 10, 2),
(21, 11, 2),
(135, 12, 2),
(136, 13, 2),
(28, 14, 2),
(138, 15, 2),
(139, 16, 2),
(33, 17, 2),
(141, 18, 2),
(37, 19, 2),
(143, 20, 2),
(41, 21, 2),
(145, 22, 2),
(146, 23, 2),
(45, 24, 2),
(148, 25, 2),
(149, 26, 2),
(50, 27, 2),
(151, 28, 2),
(152, 29, 2),
(55, 30, 2),
(154, 31, 2),
(155, 32, 2),
(60, 33, 2),
(157, 34, 2),
(158, 35, 2),
(65, 36, 2),
(160, 37, 2),
(161, 38, 2),
(70, 39, 2),
(163, 40, 2),
(164, 41, 2),
(75, 42, 2),
(166, 43, 2),
(167, 44, 2),
(80, 45, 2),
(169, 46, 2),
(170, 47, 2),
(85, 48, 2),
(172, 49, 2),
(173, 50, 2),
(90, 51, 2),
(175, 52, 2),
(176, 53, 2),
(95, 54, 2),
(178, 55, 2),
(179, 56, 2),
(100, 57, 2),
(181, 58, 2),
(182, 59, 2),
(105, 60, 2),
(184, 61, 2),
(185, 62, 2),
(110, 63, 2),
(187, 64, 2),
(188, 65, 2),
(115, 66, 2),
(190, 67, 2),
(191, 68, 2),
(120, 69, 2),
(193, 70, 2),
(194, 1, 3),
(4, 2, 3),
(196, 3, 3),
(197, 4, 3),
(9, 5, 3),
(199, 6, 3),
(13, 7, 3),
(201, 8, 3),
(18, 9, 3),
(203, 10, 3),
(204, 11, 3),
(205, 12, 3),
(25, 13, 3),
(207, 14, 3),
(208, 15, 3),
(31, 16, 3),
(210, 17, 3),
(36, 18, 3),
(212, 19, 3),
(213, 20, 3),
(42, 22, 3),
(48, 25, 3),
(53, 28, 3),
(58, 31, 3),
(63, 34, 3),
(68, 37, 3),
(73, 40, 3),
(78, 43, 3),
(83, 46, 3),
(88, 49, 3),
(93, 52, 3),
(98, 55, 3),
(103, 58, 3),
(108, 61, 3),
(113, 64, 3),
(118, 67, 3),
(123, 70, 3),
(214, 1, 4),
(215, 2, 4),
(216, 3, 4),
(8, 4, 4),
(218, 5, 4),
(219, 6, 4),
(220, 7, 4),
(16, 8, 4),
(222, 9, 4),
(20, 10, 4),
(224, 11, 4),
(24, 12, 4),
(226, 13, 4),
(227, 14, 4),
(29, 15, 4),
(229, 16, 4),
(34, 17, 4),
(231, 18, 4),
(38, 19, 4),
(233, 20, 4),
(43, 22, 4),
(46, 24, 4),
(51, 27, 4),
(56, 30, 4),
(61, 33, 4),
(66, 36, 4),
(71, 39, 4),
(76, 42, 4),
(81, 45, 4),
(86, 48, 4),
(91, 51, 4),
(96, 54, 4),
(101, 57, 4),
(106, 60, 4),
(111, 63, 4),
(116, 66, 4),
(121, 69, 4),
(234, 1, 5),
(235, 2, 5),
(6, 3, 5),
(237, 4, 5),
(10, 5, 5),
(239, 6, 5),
(14, 7, 5),
(241, 8, 5),
(242, 9, 5),
(19, 10, 5),
(22, 11, 5),
(245, 12, 5),
(26, 13, 5),
(247, 14, 5),
(30, 15, 5),
(32, 16, 5),
(250, 17, 5),
(251, 18, 5),
(252, 19, 5),
(39, 20, 5),
(44, 23, 5),
(49, 26, 5),
(54, 29, 5),
(59, 32, 5),
(64, 35, 5),
(69, 38, 5),
(74, 41, 5),
(79, 44, 5),
(84, 47, 5),
(89, 50, 5),
(94, 53, 5),
(99, 56, 5),
(104, 59, 5),
(109, 62, 5),
(114, 65, 5),
(119, 68, 5);

-- --------------------------------------------------------

--
-- Cấu trúc bảng cho bảng `csv_templates`
--

CREATE TABLE `csv_templates` (
  `id` int(11) NOT NULL,
  `template_name` varchar(100) NOT NULL,
  `template_description` text DEFAULT NULL,
  `created_at` timestamp NOT NULL DEFAULT current_timestamp()
) ENGINE=InnoDB DEFAULT CHARSET=utf8mb4 COLLATE=utf8mb4_general_ci;

-- --------------------------------------------------------

--
-- Cấu trúc bảng cho bảng `students`
--

CREATE TABLE `students` (
  `id` int(11) NOT NULL,
  `name` varchar(100) NOT NULL,
  `email` varchar(100) NOT NULL,
  `user_id` int(11) DEFAULT NULL,
  `gender` enum('Male','Female','Other') NOT NULL DEFAULT 'Other'
) ENGINE=InnoDB DEFAULT CHARSET=utf8mb4 COLLATE=utf8mb4_general_ci;

--
-- Đang đổ dữ liệu cho bảng `students`
--

INSERT INTO `students` (`id`, `name`, `email`, `user_id`, `gender`) VALUES
(1, 'Nguyen Van A1', 'student1@example.com', 1, 'Male'),
(2, 'Tran Thi B2', 'student2@example.com', 2, 'Female'),
(3, 'Le Van C3', 'student3@example.com', 3, 'Male'),
(4, 'Pham Thi D4', 'student4@example.com', 4, 'Female'),
(5, 'Vu Van E5', 'student5@example.com', 5, 'Male'),
(6, 'Bui Thi F6', 'student6@example.com', 6, 'Female'),
(7, 'Do Van G7', 'student7@example.com', 7, 'Male'),
(8, 'Pham Thi H8', 'student8@example.com', 8, 'Female'),
(9, 'Nguyen Van I9', 'student9@example.com', 9, 'Male'),
(10, 'Tran Thi J10', 'student10@example.com', 10, 'Female'),
(11, 'Le Van K11', 'student11@example.com', 11, 'Male'),
(12, 'Vu Thi L12', 'student12@example.com', 12, 'Female'),
(13, 'Nguyen Van M13', 'student13@example.com', 13, 'Male'),
(14, 'Pham Thi N14', 'student14@example.com', 14, 'Female'),
(15, 'Do Van O15', 'student15@example.com', 15, 'Male'),
(16, 'Bui Thi P16', 'student16@example.com', 16, 'Female'),
(17, 'Nguyen Van Q17', 'student17@example.com', 17, 'Male'),
(18, 'Pham Thi R18', 'student18@example.com', 18, 'Female'),
(19, 'Vu Van S19', 'student19@example.com', 19, 'Male'),
(20, 'Le Thi T20', 'student20@example.com', 20, 'Female'),
(21, 'Nguyen Van A21', 'student21@example.com', 21, 'Male'),
(22, 'Tran Thi B22', 'student22@example.com', 22, 'Female'),
(23, 'Le Van C23', 'student23@example.com', 23, 'Male'),
(24, 'Pham Thi D24', 'student24@example.com', 24, 'Female'),
(25, 'Vu Van E25', 'student25@example.com', 25, 'Male'),
(26, 'Bui Thi F26', 'student26@example.com', 26, 'Female'),
(27, 'Do Van G27', 'student27@example.com', 27, 'Male'),
(28, 'Pham Thi H28', 'student28@example.com', 28, 'Female'),
(29, 'Nguyen Van I29', 'student29@example.com', 29, 'Male'),
(30, 'Tran Thi J30', 'student30@example.com', 30, 'Female'),
(31, 'Le Van K31', 'student31@example.com', 31, 'Male'),
(32, 'Vu Thi L32', 'student32@example.com', 32, 'Female'),
(33, 'Nguyen Van M33', 'student33@example.com', 33, 'Male'),
(34, 'Pham Thi N34', 'student34@example.com', 34, 'Female'),
(35, 'Do Van O35', 'student35@example.com', 35, 'Male'),
(36, 'Bui Thi P36', 'student36@example.com', 36, 'Female'),
(37, 'Nguyen Van Q37', 'student37@example.com', 37, 'Male'),
(38, 'Pham Thi R38', 'student38@example.com', 38, 'Female'),
(39, 'Vu Van S39', 'student39@example.com', 39, 'Male'),
(40, 'Le Thi T40', 'student40@example.com', 40, 'Female'),
(41, 'Nguyen Van U41', 'student41@example.com', 41, 'Male'),
(42, 'Tran Thi V42', 'student42@example.com', 42, 'Female'),
(43, 'Bui Van W43', 'student43@example.com', 43, 'Male'),
(44, 'Pham Thi X44', 'student44@example.com', 44, 'Female'),
(45, 'Vu Van Y45', 'student45@example.com', 45, 'Male'),
(46, 'Nguyen Van Z46', 'student46@example.com', 46, 'Male'),
(47, 'Tran Thi A47', 'student47@example.com', 47, 'Female'),
(48, 'Le Van B48', 'student48@example.com', 48, 'Male'),
(49, 'Vu Thi C49', 'student49@example.com', 49, 'Female'),
(50, 'Pham Van D50', 'student50@example.com', 50, 'Male'),
(51, 'Nguyen Thi E51', 'student51@example.com', 51, 'Female'),
(52, 'Le Van F52', 'student52@example.com', 52, 'Male'),
(53, 'Bui Thi G53', 'student53@example.com', 53, 'Female'),
(54, 'Tran Van H54', 'student54@example.com', 54, 'Male'),
(55, 'Pham Thi I55', 'student55@example.com', 55, 'Female'),
(56, 'Nguyen Van J56', 'student56@example.com', 56, 'Male'),
(57, 'Le Thi K57', 'student57@example.com', 57, 'Female'),
(58, 'Do Van L58', 'student58@example.com', 58, 'Male'),
(59, 'Bui Thi M59', 'student59@example.com', 59, 'Female'),
(60, 'Vu Van N60', 'student60@example.com', 60, 'Male'),
(61, 'Nguyen Thi O61', 'student61@example.com', 61, 'Female'),
(62, 'Tran Van P62', 'student62@example.com', 62, 'Male'),
(63, 'Pham Thi Q63', 'student63@example.com', 63, 'Female'),
(64, 'Le Van R64', 'student64@example.com', 64, 'Male'),
(65, 'Nguyen Van S65', 'student65@example.com', 65, 'Male'),
(66, 'Vu Thi T66', 'student66@example.com', 66, 'Female'),
(67, 'Pham Van U67', 'student67@example.com', 67, 'Male'),
(68, 'Nguyen Thi V68', 'student68@example.com', 68, 'Female'),
(69, 'Le Van W69', 'student69@example.com', 69, 'Male'),
(70, 'Tran Thi X70', 'student70@example.com', 70, 'Female');

-- --------------------------------------------------------

--
-- Cấu trúc bảng cho bảng `users`
--

CREATE TABLE `users` (
  `id` int(11) NOT NULL,
  `username` varchar(50) NOT NULL,
  `hashed_password` varchar(255) NOT NULL,
  `role` enum('admin','student') NOT NULL,
  `first_login` tinyint(1) DEFAULT 1,
  `created_at` timestamp NOT NULL DEFAULT current_timestamp(),
  `updated_at` timestamp NOT NULL DEFAULT current_timestamp() ON UPDATE current_timestamp()
) ENGINE=InnoDB DEFAULT CHARSET=utf8mb4 COLLATE=utf8mb4_general_ci;

--
-- Đang đổ dữ liệu cho bảng `users`
--

INSERT INTO `users` (`id`, `username`, `hashed_password`, `role`, `first_login`, `created_at`, `updated_at`) VALUES
(1, 'a', '1234', 'admin', 0, '2024-11-24 11:37:09', '2024-11-25 13:12:28'),
(2, 'admin02', 'hashedpasswordadmin2', 'admin', 1, '2024-11-24 11:37:09', '2024-11-24 11:37:09'),
(3, 'student01', 'hashedpassword1', 'student', 1, '2024-11-24 11:37:09', '2024-11-24 11:37:09'),
(4, 'student02', 'hashedpassword2', 'student', 1, '2024-11-24 11:37:09', '2024-11-24 11:37:09'),
(5, 'student03', 'hashedpassword3', 'student', 1, '2024-11-24 11:37:09', '2024-11-24 11:37:09'),
(6, 'student04', 'hashedpassword4', 'student', 1, '2024-11-24 11:37:09', '2024-11-24 11:37:09'),
(7, 'student05', 'hashedpassword5', 'student', 1, '2024-11-24 11:37:09', '2024-11-24 11:37:09'),
(8, 'student06', 'hashedpassword6', 'student', 1, '2024-11-24 11:37:09', '2024-11-24 11:37:09'),
(9, 'student07', 'hashedpassword7', 'student', 1, '2024-11-24 11:37:09', '2024-11-24 11:37:09'),
(10, 'student08', 'hashedpassword8', 'student', 1, '2024-11-24 11:37:09', '2024-11-24 11:37:09'),
(11, 'student09', 'hashedpassword9', 'student', 1, '2024-11-24 11:37:09', '2024-11-24 11:37:09'),
(12, 'student10', 'hashedpassword10', 'student', 1, '2024-11-24 11:37:09', '2024-11-24 11:37:09'),
(13, 'student11', 'hashedpassword11', 'student', 1, '2024-11-24 11:37:09', '2024-11-24 11:37:09'),
(14, 'student12', 'hashedpassword12', 'student', 1, '2024-11-24 11:37:09', '2024-11-24 11:37:09'),
(15, 'student13', 'hashedpassword13', 'student', 1, '2024-11-24 11:37:09', '2024-11-24 11:37:09'),
(16, 'student14', 'hashedpassword14', 'student', 1, '2024-11-24 11:37:09', '2024-11-24 11:37:09'),
(17, 'student15', 'hashedpassword15', 'student', 1, '2024-11-24 11:37:09', '2024-11-24 11:37:09'),
(18, 'student16', 'hashedpassword16', 'student', 1, '2024-11-24 11:37:09', '2024-11-24 11:37:09'),
(19, 'student17', 'hashedpassword17', 'student', 1, '2024-11-24 11:37:09', '2024-11-24 11:37:09'),
(20, 'student18', 'hashedpassword18', 'student', 1, '2024-11-24 11:37:09', '2024-11-24 11:37:09'),
(21, 'student19', 'hashedpassword19', 'student', 1, '2024-11-24 11:37:09', '2024-11-24 11:37:09'),
(22, 'student20', 'hashedpassword20', 'student', 1, '2024-11-24 11:37:09', '2024-11-24 11:37:09'),
(23, 'student21', 'hashedpassword21', 'student', 1, '2024-11-24 11:38:35', '2024-11-24 11:38:35'),
(24, 'student22', 'hashedpassword22', 'student', 1, '2024-11-24 11:38:35', '2024-11-24 11:38:35'),
(25, 'student23', 'hashedpassword23', 'student', 1, '2024-11-24 11:38:35', '2024-11-24 11:38:35'),
(26, 'student24', 'hashedpassword24', 'student', 1, '2024-11-24 11:38:35', '2024-11-24 11:38:35'),
(27, 'student25', 'hashedpassword25', 'student', 1, '2024-11-24 11:38:35', '2024-11-24 11:38:35'),
(28, 'student26', 'hashedpassword26', 'student', 1, '2024-11-24 11:38:35', '2024-11-24 11:38:35'),
(29, 'student27', 'hashedpassword27', 'student', 1, '2024-11-24 11:38:35', '2024-11-24 11:38:35'),
(30, 'student28', 'hashedpassword28', 'student', 1, '2024-11-24 11:38:35', '2024-11-24 11:38:35'),
(31, 'student29', 'hashedpassword29', 'student', 1, '2024-11-24 11:38:35', '2024-11-24 11:38:35'),
(32, 'student30', 'hashedpassword30', 'student', 1, '2024-11-24 11:38:35', '2024-11-24 11:38:35'),
(33, 'student31', 'hashedpassword31', 'student', 1, '2024-11-24 11:38:35', '2024-11-24 11:38:35'),
(34, 'student32', 'hashedpassword32', 'student', 1, '2024-11-24 11:38:35', '2024-11-24 11:38:35'),
(35, 'student33', 'hashedpassword33', 'student', 1, '2024-11-24 11:38:35', '2024-11-24 11:38:35'),
(36, 'student34', 'hashedpassword34', 'student', 1, '2024-11-24 11:38:35', '2024-11-24 11:38:35'),
(37, 'student35', 'hashedpassword35', 'student', 1, '2024-11-24 11:38:35', '2024-11-24 11:38:35'),
(38, 'student36', 'hashedpassword36', 'student', 1, '2024-11-24 11:38:35', '2024-11-24 11:38:35'),
(39, 'student37', 'hashedpassword37', 'student', 1, '2024-11-24 11:38:35', '2024-11-24 11:38:35'),
(40, 'student38', 'hashedpassword38', 'student', 1, '2024-11-24 11:38:35', '2024-11-24 11:38:35'),
(41, 'student39', 'hashedpassword39', 'student', 1, '2024-11-24 11:38:35', '2024-11-24 11:38:35'),
(42, 'student40', 'hashedpassword40', 'student', 1, '2024-11-24 11:38:35', '2024-11-24 11:38:35'),
(43, 'student41', 'hashedpassword41', 'student', 1, '2024-11-24 11:38:35', '2024-11-24 11:38:35'),
(44, 'student42', 'hashedpassword42', 'student', 1, '2024-11-24 11:38:35', '2024-11-24 11:38:35'),
(45, 'student43', 'hashedpassword43', 'student', 1, '2024-11-24 11:38:35', '2024-11-24 11:38:35'),
(46, 'student44', 'hashedpassword44', 'student', 1, '2024-11-24 11:38:35', '2024-11-24 11:38:35'),
(47, 'student45', 'hashedpassword45', 'student', 1, '2024-11-24 11:38:35', '2024-11-24 11:38:35'),
(48, 'student46', 'hashedpassword46', 'student', 1, '2024-11-24 11:38:35', '2024-11-24 11:38:35'),
(49, 'student47', 'hashedpassword47', 'student', 1, '2024-11-24 11:38:35', '2024-11-24 11:38:35'),
(50, 'student48', 'hashedpassword48', 'student', 1, '2024-11-24 11:38:35', '2024-11-24 11:38:35'),
(51, 'student49', 'hashedpassword49', 'student', 1, '2024-11-24 11:38:35', '2024-11-24 11:38:35'),
(52, 'student50', 'hashedpassword50', 'student', 1, '2024-11-24 11:38:35', '2024-11-24 11:38:35'),
(53, 'student51', 'hashedpassword51', 'student', 1, '2024-11-24 11:38:35', '2024-11-24 11:38:35'),
(54, 'student52', 'hashedpassword52', 'student', 1, '2024-11-24 11:38:35', '2024-11-24 11:38:35'),
(55, 'student53', 'hashedpassword53', 'student', 1, '2024-11-24 11:38:35', '2024-11-24 11:38:35'),
(56, 'student54', 'hashedpassword54', 'student', 1, '2024-11-24 11:38:35', '2024-11-24 11:38:35'),
(57, 'student55', 'hashedpassword55', 'student', 1, '2024-11-24 11:38:35', '2024-11-24 11:38:35'),
(58, 'student56', 'hashedpassword56', 'student', 1, '2024-11-24 11:38:35', '2024-11-24 11:38:35'),
(59, 'student57', 'hashedpassword57', 'student', 1, '2024-11-24 11:38:35', '2024-11-24 11:38:35'),
(60, 'student58', 'hashedpassword58', 'student', 1, '2024-11-24 11:38:35', '2024-11-24 11:38:35'),
(61, 'student59', 'hashedpassword59', 'student', 1, '2024-11-24 11:38:35', '2024-11-24 11:38:35'),
(62, 'student60', 'hashedpassword60', 'student', 1, '2024-11-24 11:38:35', '2024-11-24 11:38:35'),
(63, 'student61', 'hashedpassword61', 'student', 1, '2024-11-24 11:38:35', '2024-11-24 11:38:35'),
(64, 'student62', 'hashedpassword62', 'student', 1, '2024-11-24 11:38:35', '2024-11-24 11:38:35'),
(65, 'student63', 'hashedpassword63', 'student', 1, '2024-11-24 11:38:35', '2024-11-24 11:38:35'),
(66, 'student64', 'hashedpassword64', 'student', 1, '2024-11-24 11:38:35', '2024-11-24 11:38:35'),
(67, 'student65', 'hashedpassword65', 'student', 1, '2024-11-24 11:38:35', '2024-11-24 11:38:35'),
(68, 'student66', 'hashedpassword66', 'student', 1, '2024-11-24 11:38:35', '2024-11-24 11:38:35'),
(69, 'student67', 'hashedpassword67', 'student', 1, '2024-11-24 11:38:35', '2024-11-24 11:38:35'),
(70, 'student68', 'hashedpassword68', 'student', 1, '2024-11-24 11:38:35', '2024-11-24 11:38:35'),
(71, 'student69', 'hashedpassword69', 'student', 1, '2024-11-24 11:38:35', '2024-11-24 11:38:35'),
(72, 'student70', 'hashedpassword70', 'student', 1, '2024-11-24 11:38:35', '2024-11-24 11:38:35');

--
-- Chỉ mục cho các bảng đã đổ
--

--
-- Chỉ mục cho bảng `attendance`
--
ALTER TABLE `attendance`
  ADD PRIMARY KEY (`id`),
  ADD UNIQUE KEY `unique_attendance` (`student_id`,`course_id`,`date`,`session`),
  ADD KEY `student_id` (`student_id`),
  ADD KEY `course_id` (`course_id`),
  ADD KEY `session_number` (`session`);

--
-- Chỉ mục cho bảng `course`
--
ALTER TABLE `course`
  ADD PRIMARY KEY (`id`);

--
-- Chỉ mục cho bảng `course_students`
--
ALTER TABLE `course_students`
  ADD PRIMARY KEY (`id`),
  ADD KEY `student_id` (`student_id`),
  ADD KEY `idx_course_student` (`course_id`,`student_id`);

--
-- Chỉ mục cho bảng `csv_templates`
--
ALTER TABLE `csv_templates`
  ADD PRIMARY KEY (`id`);

--
-- Chỉ mục cho bảng `students`
--
ALTER TABLE `students`
  ADD PRIMARY KEY (`id`),
  ADD KEY `fk_students_users` (`user_id`);

--
-- Chỉ mục cho bảng `users`
--
ALTER TABLE `users`
  ADD PRIMARY KEY (`id`),
  ADD UNIQUE KEY `username` (`username`);

--
-- AUTO_INCREMENT cho các bảng đã đổ
--

--
-- AUTO_INCREMENT cho bảng `attendance`
--
ALTER TABLE `attendance`
  MODIFY `id` int(11) NOT NULL AUTO_INCREMENT, AUTO_INCREMENT=1709;

--
-- AUTO_INCREMENT cho bảng `course`
--
ALTER TABLE `course`
  MODIFY `id` int(11) NOT NULL AUTO_INCREMENT, AUTO_INCREMENT=6;

--
-- AUTO_INCREMENT cho bảng `course_students`
--
ALTER TABLE `course_students`
  MODIFY `id` int(11) NOT NULL AUTO_INCREMENT, AUTO_INCREMENT=254;

--
-- AUTO_INCREMENT cho bảng `csv_templates`
--
ALTER TABLE `csv_templates`
  MODIFY `id` int(11) NOT NULL AUTO_INCREMENT;

--
-- AUTO_INCREMENT cho bảng `users`
--
ALTER TABLE `users`
  MODIFY `id` int(11) NOT NULL AUTO_INCREMENT, AUTO_INCREMENT=73;

--
-- Các ràng buộc cho các bảng đã đổ
--

--
-- Các ràng buộc cho bảng `attendance`
--
ALTER TABLE `attendance`
  ADD CONSTRAINT `fk_attendance_course` FOREIGN KEY (`course_id`) REFERENCES `course` (`id`) ON DELETE CASCADE,
  ADD CONSTRAINT `fk_attendance_student` FOREIGN KEY (`student_id`) REFERENCES `students` (`id`) ON DELETE CASCADE;

--
-- Các ràng buộc cho bảng `course_students`
--
ALTER TABLE `course_students`
  ADD CONSTRAINT `course_students_ibfk_1` FOREIGN KEY (`student_id`) REFERENCES `students` (`id`) ON DELETE CASCADE,
  ADD CONSTRAINT `course_students_ibfk_2` FOREIGN KEY (`course_id`) REFERENCES `course` (`id`) ON DELETE CASCADE;

--
-- Các ràng buộc cho bảng `students`
--
ALTER TABLE `students`
  ADD CONSTRAINT `fk_students_users` FOREIGN KEY (`user_id`) REFERENCES `users` (`id`) ON DELETE SET NULL ON UPDATE CASCADE;
COMMIT;

/*!40101 SET CHARACTER_SET_CLIENT=@OLD_CHARACTER_SET_CLIENT */;
/*!40101 SET CHARACTER_SET_RESULTS=@OLD_CHARACTER_SET_RESULTS */;
/*!40101 SET COLLATION_CONNECTION=@OLD_COLLATION_CONNECTION */;
